gamma,misfit,regularization
0.001,14.089836983862757,5.3783890005251465
0.003,14.50149853412097,6.017388557775068
0.01,15.267894717950616,7.2687897949847065
0.03,16.417273864478897,9.40448331038176
0.1,18.835354488852023,13.777967042644283
0.3,23.387954601273922,20.661610708578166
1.0,32.63482541088863,32.55704651025195
3.0,46.399609509030796,45.581831994747276
10.0,56.19708132577798,46.098663387166916
30.0,62.425460332798345,47.99394180085103
100.0,71.36913420887373,53.26363978838644
300.0,99.99309880151938,62.25025663517144
