step_index,QoI_value,sigma_Q
20,86118755012.7706,49681968.918009914
40,86117263849.08794,96863154.34098095
60,86116628081.8768,155441711.38996124
80,86116551976.50827,284958587.103327
