step,VAF
1,86129836183.69612
20,86118755012.7706
40,86117263849.08794
60,86116628081.8768
80,86116551976.50827
